{
  "train_loss": [
    2.309623289108276,
    2.325640249252319,
    2.144244742393494
  ],
  "train_accuracy": [
    0.1500000014901161,
    0.15000000298023225,
    0.1833333358168602
  ],
  "val_loss": [
    2.309999704360962,
    2.3683865070343018,
    2.326990842819214
  ],
  "val_accuracy": [
    0.13333334028720856,
    0.06666667014360428,
    0.13333334028720856
  ]
}